likes,comment,replies
559370,waking up,19
372580,"When I ask a normal, honest question and I get met with sarcasm.",90
288807,when i FEEL dirty. like i’m not talking playing in mud its just the feeling of it. ruins my whole day,81
162536,Too many people out when I’m running my errands. Like go home.,50
134260,When someone tells me to do something I’m already doing,50
125667,my hair not cooperating,20
112400,When I go out in public and the public are there,73
76741,everything i have anger issues,20
74535,"When you're telling the truth,but you smile. so now they think you are Lying",20
73080,When the doorknob grabs my clothes,19
70951,No headphones,19
58585,bending over to pick something up and missing it 5 times in a row,66
44643,getting yelled at the morning,20
38210,remembering banana fish exists,89
37685,When an outfit that’s been planned in your mind for like a week ends up looking BAD the day you put it on,20
37391,A phone call before 9am. Like what could you possibly want this early? 😒😒,76
22130,a man telling me to smile,44
21193,Random person walking too slow in front of me 💔🙏,20
14066,Stepping in something wet with socks on. I’m done for the day,52
13626,"everything , i get irritated by anything",19
8471,forgetting to wear perfume or earrings,14
7962,my shirt getting stuck on the door handle,3
7683,being told what to do,22
7316,Charlie Kirk,19
5950,When ppl suddenly brake with nothing in front of them,29
5743,when slow walkers block the halls and then they stop out of nowhere,17
4197,Going out and seeing this,12
4023,"change in plans I made in my head, like bro...",8
3989,My period.,19
3597,If my hair is greasy😭 ruins my entire mood,12
3519,forgetting deodorant or perfume,6
3489,my eye starting to water after putting makeup on,5
2856,"hunger.. don't want to cook, order delivery, nothing",5
2747,Seeing ppl you know from school out in public,15
2496,Microwaving cold food and its cold in the centre 😒,7
2348,seeing a green/half purple half green pfp,20
2038,greeted by the whole family when im eating solo in the kitchen,6
1994,When I’m in the kitchen ALONE and someone decides it’s time to cook🫠,3
1974,slow walkers.,4
1850,People.,5
1528,when someone talks to me when i wake up,15
808,when I go to like a comment but I miss and then the keyboard comes up,11
776,,1
719,the fact I will never personally see a tardigrade in the wild,1
701,peeling a boiled egg and its not cooperating💔,8
571,"Someone text me, I reply, they decide to call 🤦🏾‍♀️",13
526,Good outfit but uninteresting day,1
500,when my dad talks to me,20
454,seeing a cybertruck,5
439,being rushed when getting ready.,4
428,Seeing people drive a Kia soul,20
366,Waking up,4
339,people being negative for no reason,1
336,when someone is complaining CONSTANTLY about everything 💔,5
312,Chewing noises,8
296,my mascara not mascaraing the way I want it to mascara,5
291,Getting honked at when I let ppl walk across the street before I turn,3
286,"heat from the sun, sweat, and dirt.",3
279,"Forgetting my headphones, truly a catastrophic tragedy",2
232,Hair won’t cooperate,6
229,Realising you forgot to charge your phone,1
198,when any of my friends act slightly annoyed at me for no reason,0
183,when they saw me with my earphones but still talking,2
179,When I'm talking to someone and I can see they are not paying attention 😭,9
163,"Being overly clumsy about multiple things in a short time span 😭 dropping my phone, then falling over trying to pick it up, and trying to grab the table to stand up but I hit something and it flies off the table instead",4
156,Slow walkers and people who arent on time,0
154,sweating......,0
144,going to school,1
129,stepping on a leaf and it doesn't crunch,2
124,When my clothes get caught on a handle of some sort 🥲,6
120,when I cant find a part 2 of the reddit story I'm watching,0
119,When I can feel my makeup on my skin,1
116,losing something,6
114,when somebody tells me to do something I’m about to do,3
114,people waking me up before I wake up myself like let me sleep,1
103,forgetting my headphones at home when i go out 🫩,2
101,"Being woken up by ny family minutes before my alarm cuz they ""wanna check if I'm awake"" I WAKE UP 5:30 NOT 5:25 🥀",1
101,when an old white man in a giant lifted truck drives near me,7
98,after taking a bath to go somewhere and while clothing up im drenched in sweat already,1
93,When yo shirt catches on the door handle 💔,0
92,shirt getting stuck on doorknob,1
91,being told to wake up....when I was already doing that 😭,1
82,unexpected visitors....especially on a lazy day 😩,0
81,When I forget to spray perfume and don’t get me started if I forgot earrings 😭😭,5
80,Being the first comment and then TikTok doing that stupid animation for it,3
79,Catching clothes on the door,2
76,waking up having my periods 👹,0
75,forgetting my airpods at home,3
74,when i get excited to tell me friend smt but they reply with '👍' or 'k' 🫩🥀,3
72,When my friends suddenly act uninterested in talking with me 💔,0
71,when I'm scrolling through tiktok and I see a video that ask me what tiny inconvenience ruins my day,0
70,When I go to make a bologna and cheese sandwich but NO ONE TOLD ME WE RAN OUT OF BOLOGNA so I have to make something else. Like if we are out of something please let the rest of the household know.,2
69,when sleeping feels like ive blinked,2
68,headphones dead / not working,8
67,Strangers bullying me,1
66,Being rushed when I’m clearly rushing,3
62,Having a terrible nightmare 😭,1
60,seeing someone i was purposely avoiding,0
59,skin breakouts.😔💔💔💔,1
58,Red lights,3
57,"You, making this post",7
53,When I plug my phone in all night and wake up to it dead 😤,0
53,"feeling dirty, hair not cooperating, my outfit not being as I imagined it, being late, someone telling me to do smth that I’m already doing",2
53,Ppl who sell stuff on the tiktok shop,14
50,When I say I’m overstimulated and a person just keeps annoying tf out of me,0
49,what isn’t a tiny inconvenience,0
48,clothes getting caught on the door handle,0
47,when wifi is slow🙂,2
45,waking up in the middle of a good dream,0
43,When you’re talking to someone and theyre not paying attention,0
42,rain,2
42,Waking up to see my narcissistic mom,3
41,Breathing,1
40,having an appointment. i cannot stop thinking about it and i feel like i cant do anything else and just have to wait. The earlier the appointment better.,0
36,When the outfit I already planned in my head is not cooperating 😭😂,0
34,when my sleeve gets stuck on the door handle,3
33,Remembering the amount of cringe i caused in my childhood,0
33,when someone spits on the floor in my eye vision. it RUINS my mood immediately,4
33,getting caught running to the bus stop,4
32,my phone falling on my face,0
32,When my zip starts acting up and doesn’t just fucking zip,0
32,When people wait to get their Costco card out until the very moment they need to scan it to enter …. And we all have to wait for them to search for it through their wallet … what do you mean you don’t have it in your hand as soon as you step out of the car like I do ….,5
32,Hitting all the red lights,1
31,seeing humans,0
31,Seeing a fucking cybertruck💔,0
30,When someone shows me attitude even tho I was exited to talk to them💔,1
30,having my period,3
30,People at the Grocery Store that are in the way! 😏,1
29,Menstruation,0
27,When someone is calling instead of texting 🤡,0
26,getting random flashbacks of things that happened 💔,2
26,getting ignored.,0
26,nothing beats slow walkers,2
26,The wind ruining my hair,0
26,When a random girl gives me a dirty look,0
26,"I HATE being late. No one at my job says anything if I am, nor do I get in trouble for it, I just hate it.",0
26,ppl talk to me unprovoked,2
25,Finding nothing to eat,0
25,Someone rushing me✌,0
25,"i have anger issues, so probably everything",1
25,someone who annoys me says anything,0
25,My phone dying,0
25,When my bf puts the water bottle lid on too tight and I have to wait for him to come home to open it 😐,5
24,When you’re about to sneeze and then you don’t 😭,0
24,Asking a straight forward question but not getting straight forward answer,0
24,seeing people I don’t wanna see,0
24,People talking to me.,2
23,when i pick up somwthing that already fell and i drop it again 3 times,0
23,Waking up and my nose is stuffed,0
23,waking up with your period,0
23,Basically everything I have anger issues,0
23,every tiny inconvenience,0
22,Period cramps,0
22,waking up and finding out your phone wasn't charged over night 🙄,0
22,Getting stuck on a door handle 😐,0
22,chocolate being finished,0
22,interacting with men,2
21,When a pen works for scribbles but not actual words,0
21,when you have a good fit only for it to be a boring day 🥀,0
21,slow walkers,0
21,The delay from automated paper towel dispensers,0
20,no good snacks in the house,2
20,When someone is rude when i ask”r u ok” or “what’s wrong”,0
20,feeling pimples forming,0
20,When Face ID convinces itself I’m an imposter,1
20,when i forgot my earphones,0
20,Sittin in traffic every single day to go to work,0
20,when a random man hits up my phone,1
19,Not liking my outfit…. DAY RUINED,0
19,Being forced to speak in classes,0
19,waking up and forgot to charge the phone the night before,0
19,When I forget to put on my perfume,0
19,headphones dying,0
19,"my moms ""boyfriend"" existence",2
18,Men,3
18,when I got my airpods in and now all of a sudden everyone wanna talk,0
18,If my hair isn’t working out the way l want it to,0
18,when I don't wear makeup and the first thing someone asks is if I'm feeling okay 😭,0
18,ur shirt getting snatched by the door handle,0
18,forgetting to say good night to my mom the night before,3
17,When someone tells me to do smth I was already planning to do,0
17,Not taking my morning shit AT HOME,0
17,When im about to exit the door and my shirt/jacket/ bag gets hooked on the door handle😭😪,0
17,"""Good morning class!!""🥀",0
17,My hair not co operating with me,0
17,When im shopping and someone looks at me😳,0
16,people,0
16,My hoodie getting caught on a door handle,0
16,"When someone makes fun of me. Even as a ""joke""....",0
16,Forgetting my fcking headphones.,0
16,Getting called into work,0
16,men,5
15,Someone speaking to me like I have -1 brain cell,2
15,sore throat.,0
15,When you walk past a door and the pocket of your hoodie or jacket gets caught on the handle.,0
15,Someone speaking to me before 10 AM,0
15,Being told what to do when am just about doing it 😭😭😭,0
15,People,1
15,Not having my lip balm/gloss on me😔,0
15,Being alive,1
15,not dying in my sleep,3
14,"""who? asked""",0
14,when my outfit not outfitting,0
14,Someone raising their voice at me for no reason,0
14,Forgetting to wear perfume,0
14,College work when you get home.,0
14,Arguing with mom first thing in the morning,0
14,not wearing my watch 😫,2
13,someone taking their bad mood out on me when i didn’t even do shit,0
13,my alarm,0
13,typing something wrong to many times,1
13,Forgetting to wear your perfume 😭,0
13,Remembering I’m not a child anymore,0
13,my skin not cooperating w my makeup,0
13,Being rushed in the morning,0
13,Being excited to eat something when you get home to find out somebody put the empty box in the pantry,0
13,accidentally opening Tiktok before sleep. ( it's 4.26 am now),0
13,forgetting to wear earrings.,1
13,Spending more than 5 minutes picking out an outfit.. 😭,0
13,seeing a cybertruck...,0
13,looking at my moms bf i usually don’t wear my glasses and he looks like a blurry mess but when i do and i catch a glance of him? Day ruined,1
12,One side of my sheet comes off the bed,0
12,somebody being off with you because theyre in a mood,0
12,when my phone didn’t charge over night,0
12,forgetting my earphones when commuting to or from somewhere 😭,0
12,When I thought I would be home alone and one of the rents decided to stay home or something 😭,0
12,rock. in. shoe.,0
12,going late for something especially if it's caused by someone else,0
12,no notifications when I check my phone after waking up,0
12,when I’m already overstimulated and wind blows hair all over my face,0
12,seeing my brother eating my snacks,0
12,when i keep dropping the same damn thing,0
12,"my fuckahh eyesight, if i lose these glasses im gone for good🥀✌️😭",1
12,Work! I have to go to work 😂,0
11,when i cook something with high expectations and it doesnt work out,0
11,when the food I’ve been thinking about since yesterday goes missing from the fridge.,0
11,Repeating something,0
11,Remembering that you have to deal with THAT person today😭,0
11,being broke,0
11,when my outfit isn't outfitting like I thought it would,0
11,waking up with a dry throat but when you drink it dosent go away,0
11,wifi connection is bad,0
11,when i gotta repeat myself,0
11,my mum's bad mood,0
11,When there’s no water,0
11,Dishes,0
11,Getting your sleeve caught on the door handle.,0
11,Everything. But especially waking up late accidentally. Sets off your WHOLE day.,0
11,waking up too late so I'm still tired or waking up too early and then going back to bed for too long,0
11,Forgetting to spray cologne. 😭,0
11,when someone asks me too many questions.,0
11,My hair not cooperating,0
11,My sister breathing,0
11,not getting my way,1
11,When a place doesn’t take Apple Pay.,2
10,"Being late, stresses me out so much 😭😭😭",0
10,my hair not hairing😭,0
10,saying something to a group of people and not a single one of them replying..,0
10,cancelling plans last minute. makin me feel stupid,0
10,"He says he’ll call in a bit ,then takes forever 😭",0
10,the outfit being uncomfortable/ugly and not being able to change it.,0
10,Having hiccups that last for like 20 minutes,0
10,when I'm not in the mood for anything and someone just tries to talk to me. I just get overstimulated and angry at everything,0
10,Not being able to sleep well tossing and turning all night and still having to be up at 330 am and be the sole provider off our income never feeling like I got a moment to breathe unless my face is buried in my nintindo switch hiding in the bathroom😂😂,1
10,nothing life is sunshine and rainbows,0
9,My mom screaming at me for whatever small thing,1
9,When something goes in my eye,2
9,seeing this one guy who barely comes in but when he does its a day ruiner,1
9,my boyfriend,2
7,{These type of responses} Me: omg it’s really cold out today! Someone: yeah no shit it’s winter..? *in a annoyed sarcastic voice*,0
6,Period,2
6,When I wasn’t in the mood for jokes and someone around is joking. Doesn’t make me angry but just upsets me for no reason like how dare you joking when I’m not in the mood…,0
6,"someone asking me ""how are you"" idk why makes me feel nervous and uncomfortable",0
6,Not wanting to go to the store but needing to and the checkout line is long,0
6,"Being late to anything, I feel like im in trouble!",0
5,when I'm already overwhelmed and I encounter a tiny inconvenience like tripping so I genuinely start crying in school.,0
5,trusting a fart that becomes damp,0
5,"when I'm talking to someone and they say ""it's just a show "" like I know doesn't mean I can't tell you why I hate Julie.",0
5,my hair not hairing the way they should hair,0
5,when someone asks me to do something im already planning on doing and they add a “NOW” at the end of the sentence,0
5,Waking up depressed,0
5,sweating for NO REASON,0
5,the shirt I wanted to wear being in the wash,0
5,This video,1
5,Leaving me on delivered/dry texts😪,0
5,Not being able to find something to wear that I like,0
5,When shouted at,0
5,Forgetting my lip balm,0
5,"getting woken up, seriously why tf would you do that shit?",0
5,"Charging phone,only to realise it wasn't charging all alongm",0
5,Looking for something,0
5,when I’m cooking and someone comes into the kitchen,0
5,Being yelled at for no reason 🥲🥲,0
5,slow wifi,0
5,When my crush doesn't talk to me after we lock eyes 😭,0
5,When electricity or water goes off!,0
5,Forgetting my headphones at home.,0
5,When I don’t have money,0
5,feeling chopped,0
5,Lashes not lashing,0
5,When some random is trying to tell me what to do like mind your business,0
5,"when I ask a ""yes or no"" question then they feel the need to explain their entire life story",0
5,My fuckass AirPods not being charged,0
5,things not going my way,0
5,existing 😮‍💨,0
5,"when i wake up and find out that my phone didn't charge, now I'm stuck with 15% battery",0
5,when people ask me unnecessary questions,0
5,Not going number 2 in the morning 😢,0
5,when I ask a question and suddenly it's dead quiet,0
5,hair not fucking hairing,0
5,when the outfit I plan in my head does not work out,0
5,Sweat/feeling sticky,0
5,when i find out im on my period in the middle of the day,0
5,not pooping in the morning,0
5,having to wait for anything,0
5,When the outfit isn't as fire as i imagined,0
5,Irrelevant questions,0
5,when my hands are dirty and I can't wash my hands in that moment,0
5,when the door grab my shirt 🫩,0
5,When it comes to my mind that I'm broke. My mood changes and then I forgot again and then I remember again. And again and again and again. Forever and ever and ever.,0
5,Being woken up by the wrong alarm😭,0
5,wiping my ass,0
5,forgetting a watch in my wrist.,0
5,someone in the kitchen at the same time as me,0
5,people making plans for me that I'm unaware of🙏,0
5,when the unknown water spills on me while throwing out the trash,0
5,being corrected on my fucking pronunciation,0
5,Misplacing something really important,3
5,When the food i’ve been waiting all day for gets eaten,0
5,When I can feel my socks sliding off my heel in my shoes,0
5,no music 🥀,0
5,When I’m walking and the door knob pulls on my clothing,0
5,people walking or driving slower than needed….,0
5,"my shirt, bag or hoodie getting caught on the door handle",0
5,When everything starts to go missing as soon as I’m in a rush 😃,0
5,waking up to unread messages and missed calls🫩🫩,0
5,dropping something,2
5,menstruation...,0
5,people repeating themselves when I say what and i heard them but it doesn't make sense,0
5,someone asking me more than 3 questions,0
5,Going out and hearing the low battery sound from my headphones.,0
5,Anyone or anything waking me up except for myself.,0
5,When I walk into a spider web.,0
5,when I'm told to do something I was planning to,3
5,people refusing to answer my question properly then get upsets when I get confused 🫩,0
5,When someone tells me to do something I’m already doing 😫,0
5,Missing a light because someone stopped on yellow,0
5,when my tooth paste falls of my tooth brush,0
5,having responsibilities,0
5,stubbing my pinky toe,0
5,People talking to me when I get ready in the morning,0
5,Rude people,0
5,bumping your toe hard against something,0
5,When I'm having a bad day and someone has the NERVE to tell me to smile.,0
5,waiting for someone with no sense of urgency,0
5,going to school 😔,0
5,Forgetting my earphones.,0
5,when i am in the mood to cook after bedrotting for a week just to be missing ingredients half way through the process,0
5,when my eyebrows don’t look good,0
5,When my clothes get hooked by the door while rushing 🙂,0
5,when someone asks me a question and as i’m answering it they walk away or talk to someone else,0
5,how early school starts,0
5,Any type of body pain,0
5,People talking to me. It a mine field out there.,0
5,when I keep dropping things or knocking things over,0
5,Forgetting to put on perfume or earrings 😭,0
5,seeing people 😭😒,0
5,When im listening to a rlly good song and im locked into the music and someone aither speaks to me or i get a notif,0
5,My shirt getting snagged on anything,0
5,forgetting to charge your phone the night before,0
5,Bus coming late,0
5,leaving the house with my phone below 70%,0
5,Emptying the dishwasher,0
5,Waking up bloated asf,2
5,"people asking to call me after 8pm, no thats my me time leave me alone",0
5,A random visitor arriving without notice,0
5,Anything staining my outfits,0
5,getting home and after a good day only to get in an argument with your parents,0
5,Knocking over my pets food bowl with food in it 😭✌,0
5,Uk weather 😭,0
5,forgetting to put on my jewelry,0
5,Forgetting my penjamin…..remembering halfway to my destination.,0
5,when my nails break,0
5,when the sidewalk is so uneven that your foot slides and halt halfway your step cus u didn't lift your foot far enough and u almost trip,0
5,when i just woke up and im already being told to do something 🥀🥀🙏🙏,0
5,when my social battery is draining but someone thought i’m in a badmood,0
5,forgetting to wear accessories,0
5,dead headphones,0
5,smudging my mascara:),0
5,whn the best song comes on nd smb wanna talk to me,0
5,Waking up 5 minutes before my alarm,0
5,forgetting to wear my freaking watch,0
5,Forgetting to put perfume on,0
5,my eyebrows not cooperating or forgetting my earrings or headphones 💔,0
5,my printer not printering,0
5,when my lashes aren't lashing 😭😭,0
5,When my mom talks to me to chat,0
5,when i stub my toe while rushing to get ready,0
5,my dad trying to interact with me,1
5,when I drop my things in public,0
5,"an eyelash inside my eyes. note: its my own eyelash, they get inside sometimes coz they too many and straight",0
5,the fucking traffic (every morning),0
5,when i’m proud of smt and they start one upping me and being liek “well i got…..” sybau,0
5,when somebody took the ice cubes but didn't refill the ice tray in the fridge,0
5,Monday🥀,0
5,Forgetting to put on perfume 💔,0
5,clothes falling on the floor when i'm trying to hang them outside. it always feel like a personal attack for some reason,0
5,when i have a ring on my index finger then forgot i have a ring then wiping my nose then it will hurt my nose and erase my make up at the same time lol lol,0
5,when my hair isnt hairing and turns flat/stringy for the day eventho it is freshly washed.,0
5,"When I go to buy something in the nicest way possible and the customer service representative responds as if I had stolen their entire family’s money, instantly making me angry and ruining my whole day 😍",0
5,when the person i hate the most shares the same interests as me,0
5,shouting at me,0
5,my cat puking,0
5,traffic,0
5,"when I wake up and pull the blanket off, but it doesn’t come off fully in one pull",0
5,The weather,0
5,catching my sleeve/pocket on a door handle AHH,0
5,sweating 🙂,0
5,Catching your pocket on the handle of something,0
5,When everything gos wrong😠,0
5,when my mum comes in to make sure i’m awake but i’ve been awake for over 10 minutes,0
5,i wake up and my phone's on 20%,0
5,My makeup not makeuping,0
5,School,0
5,The belt loop thingamabob gets stuck on literally ANYTHING,0
5,Opening my eyes.,0
5,getting my jeans caught on the door. like what the f***,0
5,My eyelashes wouldn’t curl,0
5,people walking slow when i’m trying to get to my bus. like MOVE,0
5,"When someone does something as their asking for permission, like NO you cannot grab my drink take a sip and then ask me??????",0
5,People existing,0
5,When my gas tank is on 1 mile to empty and I’m already late,0
5,When the Gamecocks blow a 27 point lead over Texas A&M,0
4,When I ask for help from a teacher and they just reread the instructions and that’s it,0
4,Hitting my elbow or stubbing my toe especially the pinky toe,1
4,Working in the service industry with other people who have no sense of urgency,1
4,Getting ready to do chores with a smile then my mom telling me rudely to do the chores so then e don't want to do the chores,0
4,unannounced VISITORS,0
4,Going to school.,0
4,The (...) in chats. They are just 😪,0
4,"when my dad screams at me for absolutely no reason, or when my family makes fun of me foe just existing",1
4,the food being something I literally said I don't like,0
4,my shirt/clothes getting caught on a door handle,0
4,Paying bills,0
4,When someone wakes me up aggressively 😭,0
4,"Waking up, having to shit but nothing comes out so I have to shit the whole day",0
4,"People asking me something that I literally doing it in front of them. ""are you cooking?"" while I'm cooking.",0
4,Being shouted at or someone speaking in an unbothered tone,0
4,School 🙏🏻😭,0
4,Not being able to find stuff while getting ready for the day,0
4,Work and people.,0
4,forgetting to wear my watch ruins my whole day.,0
4,not drinking,0
4,when the wifi is acting up😭,0
4,when im lwk already crying and overstimulated from rage and i suddenly hit a chair or a doorknob grabs my clothes😐 broke 3 knobs in total cus of those incidents🫩,0
4,Running late…,0
4,people walking side by side and blocking the damn corridor and walking SLOW AF,0
4,people!,0
4,nothing as you shouldn't let small things ruin your day✌️,3
4,Someone waking me up right before my alarm 😩,0
4,my hair not behaving,0
4,When people keep asking me questions,0
4,Greasy hair. Like I just feel dirty the whole time,0
4,Sweating when I wake up. It ruins my whole day,1
4,if my hair is oily 😩😩😩,0
4,No AirPods,0
4,people getting touchy,0
4,When the food I’ve been excited for all day doesn’t hit the same 😭🍽,0
4,leaving the house with no earrings,0
4,wen someone rings me whilst i’m still sleeping or wen i’ve JUST woken uo,0
4,when people walk so damn slow,0
4,forgot to wear perfume and DAMN earrings,0
4,canker sore.,0
4,Waking up late.,0
4,being called rude because I don't want to reply,0
4,sweating,0
4,Forgetting my air pods,0
4,cooking utensils keep falling down while I'm trying to cook,0
4,Not knowing what to eat but desperately need to eat smth,0
4,Sleeve getting caught on the door handle,0
4,someone talking to me while my music is in full blast,0
4,being spammed. when people send words in several messages,0
4,Forgetting my headphones..,0
4,Ppl annoying me when im eating,0
4,My alarm,0
4,My outfit not coming out the way I planned it,0
4,When your the fabric around your arm gets caught with the door handle or wtv,0
4,unannounced guests. or just guests in general,0
4,Coffeeless morning. 🌅,0
4,If my outfit doesn’t want to look good or fucking fit for some reason,0
4,When my mom tills me to do the dishes when I am like actually going to do the dishes,0
4,People that dont hurry up😭,0
4,When people get involved in stuff they’re not involved in.,0
4,People 🙏🏻,0
4,When my pockets get caught on door handles 😐,0
4,washing the dishes,0
4,when i have in headphones and people keep talking to me,0
4,Leaving the house without spraying my fav perfume,0
4,alarm clock of my roommate,0
4,People being late,0
4,"Dirtying my clothes with something that I can’t wash off without putting it in the washing machine (blood,tomato sauce,oil) and then not having the outfit I wanted for the day 🫩😒",0
4,simply existing,0
4,A phone call.,0
4,Getting out of my bed. Going out only to sweat,0
4,forgetting to spray perfume before leaving the house,0
4,Making up my bed then someone sits on it 😭,0
4,when I'm addressed immediately after waking up,0
4,getting my period or when someone is ordering me to do something when I'm clearly in the middle of doing something else,0
4,my your clothes get caught on anything,0
4,when I'm talking but they're either on their phone or we're in a group setting where when I ask the question at least seven times I still get ignored,0
4,"people blocking the hallways, idk why it sets me off so bad",0
4,Going to work 😩,0
4,"when I go to work, and I have work 🫩",0
4,forgot to charge my dead headphone,0
4,Having work,0
4,forgetting to bring my headphone,0
4,Heard “school”,0
4,when i lose my handkerchief 💔,0
4,when someone asks to repeat myself a second time,0
4,"People walking along on their phones, oblivious to everyone else, who then stop abruptly to type.",0
4,When my hair looks bad,0
4,getting beat by my husband 🥀🥀🥀,0
4,talking with my family member,0
4,When my hair is oily. I feel so dirty and so uncomfortable I don’t know why and it ruins my whole day 😭😭,0
4,sleeve catching the door handle,1
4,Going to work and forgeting to add perfume or fragrance;-;,0
4,When my bra suddenly becomes too tight,0
4,"When I forget my earphones, my day feels like hell",0
4,When my shirt sticks to the door handle,0
4,When I see my bosses text.🙄,0
4,dead airpods,0
4,being rushed or pressured into doing something 😭🙄,0
4,My AirPods running out of battery 🪫,0
4,any type of heat whatsoever,0
4,when someone asks me dumb question at 7 in the morning like I have the cells to comprehend,0
4,When my backpack isn’t fitting properly,0
4,Getting your period 🥹,0
4,Biting my tounge,0
4,When my phone randomly disconnects from apple carplay,0
4,Waking up tired just wanting to go to the toilet and go back to bed but it’s already day time,0
4,when someone asks me questions that have OBVIOUS ANSWERS,0
4,Dropping a piece of avocado on the floor,3
4,call me sensitive but getting yelled at for something you didn't even do,0
4,people walking slow infront of you and its too crowded to walk past them. ESPECIALLY IN STORES OR SOMETHING LIKE THAT.,0
4,When my husband is in a mood,0
4,getting to the bus stop then my studenten ov is not in my tas,0
4,”Racist jokes” end friendships hearing that stuff idc,0
4,When my clothes get caught on the door handle 😔😔,0
4,forgetting to charge my headphones they die and i’m going straight back home,0
4,no food in the snack cupboard,0
4,forgetting to wear watch,0
4,when I'm having a pretty good day but the dang door just decides to hang on to my clothes and then I think someone wants to fight😭,0
4,Forgot wearing watch/jewelry on my wrist,0
4,when you can FEEL your makeup,2
4,self centered people wanting to have a convo w/ me,0
4,when im asking my parents and i needs to repeat the question for them to actually respond,0
4,Is Danny ok ?,0
4,when u tryna talk to someone and they be unnecessarily angry,0
4,Other people breathing,0
4,Forgetting to charge my phone b4 I leave,0
4,The door handle holding my shirt back 😪😂.... literally breaks my heart 💔,0
4,when I forgot to charge my phone and I'm not up early,0
4,Forgetting my AirPods,0
4,My sleeve getting caught on a door,0
4,your food falling. TWICE,0
4,Slow walkers💔💔,0
4,When my shirt gets stuck to the door handle,0
4,rains when i got plans to go out,0
4,when am In that morning rush hour en my cloth gets stuck with the door handle😭my whole day is ruined😭,0
4,when I walk past someone who's lazy and they asked me to bring something for them. JUST TAKE A STEP IT'S RIGHT THERE BRO,0
4,Finding my clothes still wet in the dryer right before I head out,0
4,Corbin @Ayla Collins @Cammy @RedStrike45🇨🇦 @Jayley @Louella Holmes @ELI😘🤓🤓 @Piper @Dylin Chapin,4
4,Having to wait to go to the toilet,0
4,Just being in the building I work at makes me mad,0
4,the heat,0
4,People driving ridiculously slow. Or just lack of common sense,0
4,My hair not being good enough,0
4,When the water jug in the fridge has no water in it,0
4,Morning 🪵,0
4,being cut off and then they dont go the speed limit,0
4,SLOW DRIVERS,0
4,Staining my clothes ☹️,0
4,when someone asks an obvious question,0
4,getting asked questions,0
4,Literally spilling anything,0
4,taking a nap i didn’t mean to take,0
4,someone in the family stealing your food you've clearly hid for a reason 😭,0
4,When I ask someone to explain something and they hit me with ‘you don’t wanna know’,0
4,When I wake up and find out my phone wasn’t charging overnight,0
4,When a toast crumb gets in my butter. Rage,0
4,Trying to rage bait me at 7 in the morning,0
4,my ex,0
4,When there is a group of people walking in front of me and they occupy the whole street,0
4,every 28 days xx,0
4,My headphones dying on the bus,0
4,getting water on my sleeve,0
4,People letting the door close on you,0
4,That my hair gets puffy 😩 and sweating 😂,0
4,Step in water with socks in the morning,0
4,dropping multiple things in a row and it resulting in a crying crashout,0
4,getting gas,0
4,Forgetting my lip Vaseline at home! I can’t stand having dry lips 😭,0
4,When a fit you picked out in your head is ugly in when you put it on or it’s dirty,0
4,When I am cleaning my room and I get overstimulated. I cant go on but I also cant stop midway.,0
4,being hungry with no food nearby 💀,0
4,coughing 💀,0
4,waking up early,0
4,france,0
4,when i go to sleep w a headache the night before and wake up with a migraine,0
4,Forgetting my jewellery,0
4,school,1
4,When you're in a rush and you're makeup refuses to cooperate 😭,0
4,People but like thats kinda a me problem,0
4,forgetting my watch,0
4,"having to do an unexpected favor for someone that takes up my whole evening. I want to help, but deep down I am MOURNING what could have been. 😭😂",0
4,Someone acting bossy or judgy,1
4,people speaking.,0
4,waking up late,0
4,I forgot,0
4,parents being home when they supposed to be in work,0
4,Realizing its a monday,0
4,Certain things I cannot find because someone used it and didn't return it to where they initially found it (where i left it). It throws my routine off for the entire day and pisses me off.,0
4,when the only food I liked in school shop isn't there,1
4,Sweat patches.,0
4,"I can’t stand rude or unfriendly people. We can all have a bad day once in awhile, but don’t let others suffer from it.",0
4,when I have to go to work,0
4,being left out even if it was accidental,0
4,Tangled coat hangers,0
4,Getting rushed😐,0
4,Someone asking me several times to do something when I’m in the middle of doing something else,0
4,A man,0
4,When a stranger randomly does something rude,0
4,"When I’m trying to not talk to anyone, and people keeps asking me”are you okay?” “Do you not like us anymore?” Like Sybau bro",0
4,the game.,0
4,Unexpected participants 🙄,0
4,When my makeup doesn’t look good on the first try imma just stay home now,0
4,missing the GOD DAMN BUS,0
4,Dead AirPods,0
4,when it's humid out,0
4,Somebody wanting me to drive them to the store...😕,1
4,Idk smth abt my brothers presence,0
4,forgetting to charge your phone,0
4,When I’m having a quiet day and someone accuses me of being mad or upset,0
4,People going 55 in a 65 in the far left lane while I’m trying to go 75 to work.,0
4,other people shopping in the store while I'm there,0
4,when people are at all the places I'm at,0
4,my sleeve or bottom of shirt getting caught on the doorknob,0
4,My mom waking everyone up just to yell about a piece of paper on the floor,1
4,when my phone lags and I cant do anything on it for a bit,0
3,literally anything,0
3,When my mom asks stupid questions 🤦🏾‍♀️🤦🏾‍♀️,0
3,When I ask a question and get sarcasm as a response,0
3,"When I’m watching sad scene a movie and I start crying a bit, and the person I’m watching with looks at me anc chuckles and says “are you crying?” Or “are you ok?”",0
3,When I I put on my coat and my shirt rolls up underneath. Or when Spencer comes on my fyp at 6AM talkin’ bout sum “We might get brutally wiped out by nuclear missiles tomorrow”.,1
3,the “waking up” one is so real,0
3,when I'm already overstimulated and then somebody tries to talk to me,0
3,Waking up 3 minutes before my alarm,0
3,When a tiny inconvenience happens to me,0
3,Waking up and your phone has not even been charging the whole night.,1
3,My period,0
3,having to get up and do things,0
3,Getting yelled at by my momma cause she had a bad day and it’s somehow my fault,0
3,People telling me I look mad or sad when relax my face for 5 seconds,0
3,Getting out of bed,0
3,Leaving my headphones at home,0
3,forgetting my lip balm 💔💔🥀🥀🥀,0
3,"if i fall down at all, im out for the rest of the day. doesn't matter if im hurt or not, im going home.",0
3,any tiny inconvenience,0
3,When my hair feels greasy when I washed it the night before,0
3,Someone ruining my peace & quiet at 8am in the morning,0
3,Wanting to cook something and not having all the ingredients at home 🙄,0
3,Waking up for work,0
3,when I ask something I didn't know and they get all rude and scarcastic,0
3,When I struggle with network,0
3,when someone calls me then starts shouting at me over the phone,0
3,running after a basketball,0
3,Chores idk,0
3,waking up at early hours in the morning with a BONE-dry mouth to find out I drank all my drink 🗣️,0
3,being ignored,0
3,When I want to go outside and I hear my neighbour is outside as well😭😭😭😭😭,0
3,People coming into my job,0
3,when i ask a normal question and they say: your dad,0
3,When i drop something and it takes me multiple tries to pick it up,0
3,When water runs down my sleeve,0
3,People suddenly malfunctioning and doing things slow like we’re at a wedding like bro I don’t have all day 😭😔🥀,0
3,Forgetting to use a perfume,1
3,"unnecessarily loud in the morning, bro",0
3,irritation of any kind,0
3,When a man speaks to me,0
3,Forgetting to wear my perfume,0
3,"Coriander, when I order something not realising it has coriander in it = whole day ruined!",1
3,Someone triggered my trypophobia tday💔,0
3,"Someone I don’t wanna talk to, calling me in the morning",0
3,Commenting something that someone else already has,0
3,"""You don't get it"" 😐😐😐",0
3,waking up with a slightly sore throat,0
3,when my shirt caught on the doorknob,0
3,waking up to see my period have started,0
3,Waking up and seeing kids my age happy with their family,0
3,when someone snaps their fingers to get my attention you know what happens? they either get hit or ignored,0
3,Going to school with classmates that bully me for no fucking reason,1
3,people being people 💔,0
3,When I've just tied my shoe and it comes undone 2 mins later no matter what I do,0
3,Forgetting chapstick 😭,0
3,when someone takes offence to sarcasm 💔,0
3,Forgetting to wear earrings. 😭,0
3,Having a normal conversation then someone decides to talk nonsense and correct my grammar only to find that I am correct and they are wrong.,0
3,Waking up late,0
3,When someone asks me too many questions in a row 😒,0
3,"the search being 'banana fish', lmao💀",0
3,when am giving it all...and they saying am slow...irritates me😢,0
3,(SOME) men.,0
3,The rain,0
3,a bad public transport day,0
3,"when someone calls me so I say ""whaat? "" and they don't respond so I have to yell ""whaaat??! "" and they say ""why are you yelling? """,0
3,getting your shirt stuck on a door handle,0
3,Realizing your AirPod isn’t charged,0
3,mom being rude to me in the slightest way ever 😭,0
3,Honestly anything can😭🙏🏼,0
3,Spilling out water on your T-shirt,0
3,Leaving my AirPods at home,0
3,when i have a puffer jacket and my hair down and my bag is slipping off my shoulder,0
3,My socks getting wet,0
3,MY HAIR BEING RUINED AFTER STYLING IT WITH CARE😭😭,0
3,When I see that loading sht icon it pisses me off😭😭😭,0
3,forgetting to wear a watch,0
3,When someone chews with their mouth open,0
3,When I wake with a sore throat,0
3,a 2pm appointment,0
3,headache,0
3,"""what time is it?"" ""time for you to get a watch"" FUCK OFF",0
3,when my hair feels slightly too frizzy or too oily,0
3,when people dry reply to everything you say but when they say something to me I'm all ears and don't just leave them in awkward silence when they ask me a question or talk to me...🫠,0
3,everything. live laugh bpd😍,0
3,Waking up in the middle of a good dream,0
3,Forgetting to spray my perfume and then realising when I’m not close to home anymore 😔,0
3,Slow walkers and people that stop in the middle of a path or in the hallways,0
3,when u think ur outfit looks bad,0
3,Israel,2
3,Impatience ..LIKE IM IMPATIENT,0
3,Seeing that one person 🙄,0
3,When someone thinks I’m mad when I’m not,0
3,disrupted routine/sudden change of plans,0
3,No good food,0
3,remembering i will have period EVERY month,0
3,"when I eat and only tiny speck of food falls on my clothes , u can barely see it but it just ruins my whole day like ion even wanna wear what I'm wearing",0
3,"getting sweaty, ruins everything",0
3,Everything,0
3,When i didn’t wash out the conditioner out of my hair properly and it feels greasy,0
3,Someone waking me up by busting through the door and flicking the big light on immediately,0
3,Noticed that phone did not charge or was unplugged,0
3,When it’s your turn to go at a stop sign and someone else starts to go. Then you both stop and go like 3 times😐,0
3,When you say you’re tired and they ask “of what”,0
3,When someone tells me to do something right before school when I’m mid routine,0
3,"When someone askes me ""why"" too much",0
3,Every single thing im not joking,0
3,"More of a pet peeve, but when people ask for help with something but they didn’t even try it themselves",0
3,"waking up late, doing math in school, feeling tired after school but have to study, feeling dirty",0
3,when your clothe got stuck for a bit at the door,0
3,being hungry and too lazy to cook 🥀@user30789761813,0
3,Waking up to no coffee in the house,0
3,having stain/dirt on my clothes before going out,0
3,"WEATHER, ALARM, THINKING ABT TO DO FOR THE DAY, GETTING READY FOR THE DAY, WAKING UP",0
3,pooping,0
3,people lying when its obviously important,0
3,when I have a day off from school and my parents r home,0
3,Losing something when you're already late.,0
3,No wifi,0
3,seeing my dad,0
3,when i see my boss face,0
3,getting woken up just to do a chore,0
3,calories,0
3,Cybertrucks,0
3,when im hanging my shirts with a hanger and the hanger gets stuck on each other,0
3,Having memories,0
3,When my sock comes half off in my shoe while I’m walking,0
3,dropping things,0
3,When someone asks me a question that has the most obvious answer ever.,0
3,sweating after taking a shower 😭,0
3,getting yelled at right after i woke up,0
3,My sister.,0
3,when ive js woke up and someone already asked me more than 1 question.,0
3,Don’t greet me in the morning. You can only talk to me after 11 am,1
3,When people take forever to do the thing they said they’d do.,0
3,When kids walk super slowly UPSTAIRS.,0
3,leaving home without my pods,0
3,When I’m out without my necklace🥹,0
3,stomach ache,0
3,Bad coffee,0
3,Struggling to find that one particular clothing item I want to wear for the day😩😩,0
3,like the sudden urge to pee when u abt to fall asleep,0
3,If anyone talks to me with an attitude 😭,0
3,get yelled at 🤦🤦🤦🤦🤦,0
3,Having to work,0
3,"when im taking a nap then i hear some1 say ""shes so not sleeping"" it honestly pisses me off",0
3,coat,0
3,@𝐌𝐚𝐝𝐢𝐬𝐲𝐧 @️ 𝐁𝐄𝐋𝐋𝐀 ꨄ︎ school.,2
3,wake up to go to school,0
3,No good loot in the fridge or pantry,0
3,My top getting stuck on the door knob,0
3,Mom is mad,0
3,mosquitoes biting the soles of my feet,0
3,people 😜,0
3,another person being in the kitchen at the same time as me,0
3,"accidentaly embarrassing myself, even if it's something small 🫩",0
3,talking.,0
3,people being mean to me,0
3,Changing plans. Me not liking my makeup. Changing times of plans. A phone call that wakes me up,2
3,"when someone asks me a stupid question like no Sam, I'm not eating an apple, I'm riding a horse.",0
3,Remembering that there’s no cure for cancer,0
3,Being ignored,0
3,When my shoe laces untie or when im a few minutes late to work,1
3,Cooking 😔,0
3,waking up to a low battery phone,0
3,Forgetting my jewelry especially my rings,0
3,remember i'm the floating friend,0
3,Kids in my basement running away pmo so bad. Makes my whole day bas,0
3,"someone asking me ""why are you so quiet""",0
3,People saying 6-7....😭😭😭 (and when someone tries to insult me),0
3,When I’m going to work and my neighbors randomly ask if I’m heading to work while wearing a freaking uniform?!!!🙂,0
3,waking up because of noise,0
3,Phone not charging all night,0
3,Loud noises,0
3,Being late 😫😫,0
3,Internet issues... any type,0
3,when i try picking something up and not get it at first try then miss again the second time so i end up kicking whatever it is,0
3,When someone says something in the wrong tone like instant day ruined for me,0
3,having to spend money,0
3,Forgetting to wear my watch,0
3,not finding the outfit I imagined AHAHAHA,0
3,Having to revise,0
3,When I say something but the other person wasn’t listening so they ask me to repeat,0
3,Looking for something I saw last night😑,0
3,When I see someone spitting on the streets or someone who is sweating on the subway/bus touches my skin 💀,0
3,Other's attitudes in the house,0
3,lowkey… waking up on my period 💔,0
3,when someone doesn't understand what I'm talking about,0
3,When someone keeps talking to me,0
3,forgetting to wear perfume 💔,0
3,Forgetting your AirPods at home,0
3,Waking up unemployed n broke. *I'm unemployed,0
3,When I say something and people interpret it as if I don’t mean it???? Why would I say it gng,0
3,When ppl are boring in convos and give one word answers,0
3,a single drop of sweat,0
3,Forgetting my AirPods at home on my way to gym 💔,0
3,Going out in public without my AirPods,0
3,When people ask a question with an OBVIOUS answer,0
3,going to work 🤣🤣,0
3,People getting in my way it overstimulates me,0
3,When it’s Monday 💔,0
3,when my sleeve gets caught on the door handle 😭😭,0
3,A bug,0
3,When i wanna stay up late but for some reason my body can't fucking keep up 😭,0
3,Extremely bright light the second I wake up,0
3,Talking to me when i just woke up,0
3,"When I get yelled at for doing nothing, when I fail for doing something and when I do everything for nothing",1
3,people tryna force their religions onto me,0
3,When I have to meet ppl,0
3,my goddamn gastric problem,0
3,When someone tells me to do something I was planning to do .,0
3,"When people are talking to me while I'm clearly struggling with my work, LIKE? CAN'T YOU WAIT UNTIL I'M DONE?",0
3,spilling coffee on my shirt,0
3,seeing my husband's face when l wake up😪 do l really have to stay with him😅,1
3,when i ask my sister to unload the dishwasher before she goes to bed so i can reload it when i get home from work and she doesnt so then i have to do both. like work usually takes all of my mental energy as it is,0
3,losing something.,0
3,Commuting more than 20mins tbh,0
3,dropping my keys when I came back from groceries,0
3,Going to school,0
3,allergies 😫,0
3,School.,0
3,Charging your phone the night before going somewhere and it doesn’t charge properly,0
3,getting clothing caught on a door knob,0
3,when I'm late but I have to take a shit,0
3,people driving same speed in the passing lane as the slow lane.,0
3,How is it a tiny inconvenience if it ruins your whole day.,2
3,I forgot my AirPods..,0
3,when people see their friends at the same grocery store and they block the entire aisle to have a conversation,0
3,Mascara in my eye,0
3,when the earbuds case is in my bag but the actual earbuds aren't,0
3,A bad hair day,0
3,seeing someone doing better than me at anything,0
3,slow walkers✌️🫩,0
3,getting hit with ‘no’ when you had plans to go out w friends,1
3,"when I talk to someone with energy and they reply like they don't care, ATLEAST try to sound more interested 😭",0
3,most of the people are ruining their day over nothing 😭,1
3,when i get out of the elevator and there’s people right at the door,0
3,no parking,0
3,Having to waitttttt🥲,0
3,My sister,0
3,waking up xx,1
3,"When i buy any clothes and don't wear them for about 6 months to 2 years because I don't really leave my house and when the day for it comes, I wear it, feeling myself and then some goddamn door grabs my sleeve and rips it. I could fix it with my needle and thread but no, I'm not going anymore. I don't even care about the 80 dollar reservation that I booked two weeks in advance. It's specific because It just happened 3 hours ago.",0
2,Trying to explain myself seriously and people laughing thinking I’m joking because most times I’m always joking,0
2,when someone walks into my room while im watching tv. whole vibe is ruined,0
2,simply the fact that I exist,0
1,Running out of coffee in the morning,0
1,when your hair tie snaps,1
1,“I’ll get gas in the morning” biggest regret ever.,0
1,Sweating,0
1,Dropping something and having to stop what I’m doing to pick it up 🙄😡,0
1,Dropping food on my shirt making it stain,0
1,When I can’t find my glasses but I need my glasses to find my glasses but I can’t because I can’t see without my glasses and it’s an endless cycle,0
1,Needing to get gas in the morning,0
1,@ava sloane,1
1,When I can’t find anything to eat @Ben_habel03,0
1,no hot water when u already in the shower,0
1,When people assume shit abt my life and don’t know the half of what’s actually happening,0
0,Waking up to see my phone wasn’t sitting on the charger right,0
0,Nothing I am at peace 😎,0
0,Shirt or headphones snagging on cabinet handles.,0
0,"Not one thing, God is soooooo good. thank you JESUS for your grace and mercy 😭",0
0,When someone in my family decides to use my house slippers when we ALL have our own,0
0,Being late,0
0,Parking my car every morning,0
0,If I’m wearing to many layers and it’s a messy food so I just give up before trying.,0
0,Existing,0
0,Lost car key,0
0,someone eating my GDDDD food i’ve been looking forward to ALLL day😭😭😭ts genuinely breaks my heart,0
0,When no one listens when I talk,0
0,The game,0
0,When I have an afternoon appointment scheduled. I have adhd.,0
0,Nothing does anymore,0
0,People camped out in the fast lane…,0
0,Putting on a sock just to find out there’s a hole in it,0
0,When I realize I’m slowly getting sick,0
0,Their not being enough dinner for me to be full,0
0,Amazing work 🔥,0
0,My work outfit I thought about all morning being stained,0
0,Ppl not seeing my cleaning videos,0
0,Going to work,0
0,when someone's isn't on time or never comes,0
0,When my socks mess up in my shoe when I’m walking,0
0,when someone cuts me off in traffic,0
0,when I'm playing my game and I hear my mom call my name,0
0,"any physical pain. muscle pain..sprained neck, arm, leg, i dont want physical pain.",0
0,"Gen z stare... im 23, why tf am I the normal one in this generation??",0
0,When my jacket gets caught on the door knob :/,0
0,Running late,0
0,Living in moe,0
0,When I’m asked too many questions.,0
0,one single thought about my ex,0
0,Her attitude,0
0,People who tell me their life story when we’re having a passing interaction at most.,0
0,Waking up earlier than your supposed too and you can’t go back asleep,0
0,cyclists,0
0,Dying,0
0,SNEEZING,0
0,When the sock line is on my toes and it’s rubbing them the wrong way,0
0,everything,0
0,walking past a door and my purse getting hooked on it somehow,0
0,dropping literally anything anywhere at any time,0
0,Honestly what doesn’t,0
0,This is so real tho,0
0,Internet goes down,0
0,Alarm clock going off for work every day 😭,0
0,Waking up and remembering school exists,0
0,when im brushing my hair and theres one knot that throws me off,0
0,stepping in a small puddle of water in socks,0
0,When my hands are full and I rearrange the things in my hand to open my car door and it’s locked,0
0,Being on birth control,0
0,Having an appetite for something I thought I had in the kitchen and I don’t have it,0
0,the first 10 min after waking up,0
0,When I can’t put my shoe on,0
0,Spilling my redbull. But honestly it’s a major inconvenience.,0
0,No white monsters in the fridge,0
0,when my alarm goes off in the morning,0
0,Sleeve catching the door handle,0
0,Enjoy cooking but hates when my clothes smell like food. I’ll be changing 3 times a day like I love doing laundry.,0
0,work,0
0,Remembering that the book Jinx exists,0
0,This post NEXT,0
0,when i wake up 💀😅,0
0,Having to charge my phone before I can leave,0
0,Waking up for work and forgetting i didn’t put my phone to charge,0
0,Tony.,0
0,"Nothing. Because if you let a tiny inconvenience ruin your day, you will never be happy and live a miserable life",0
0,when my misophonia gets triggered (which is everyday of my life),0
0,not having gas before work,0
0,Running into this vid,0
0,Waking up with neck hurting cuz i must've slept on my entire head somehow,0
0,Work,0
0,My clothes getting stuck on the door handle in a hurry😑,0
0,When people tell me about their issues or just even talking to me while I'm doing something.,0
0,"spilling anything on my outfit or getting an eyepencil, lipgloss etc stain 😭",0
0,When I remember that I can’t cry if somthing bad happens I’ve literally NEVER been able to cry when I should. And nothing bad has to actually happen but then I just remember I’m a freak,0
0,left lane campers,0
0,Seeing someone my age get married. Or buy a house…,0
0,"I do the same, ask twice if I don’t hear properly or understand what was said or what question was asked. But when I have to repeat myself more than once some days, I’m livered",0
0,the kid that likes me sitting next to me at lunch,0
0,Walking out the door and getting your jacket stuck on the door,0
0,Yesss!!!,0
0,Prolly anything that helps me go to work🥀,0
0,Theres this dude who tries to ragebait me every second of the day.,0
0,When my coffee is not made correctly,0
0,When my coffee turns out too strong,0
0,Doing a bunch of work and forgetting to save the file and it’s gone,0
0,headache💔,0
0,going to work,0
0,When people keep asking me to repeat myself like better luck nextime buddy you missed it,0
0,getting gas. idk why but I fkn can't stand it,0
0,I could just be easily irritable but getting asked to do something right this second when I already planned on doing it that day I just have a set time on when I wanted to do it,0
0,"when my nail, that i’ve been trying to grow, snaps",0
0,My morning coffee being bad,0
0,mr salas day,0
0,Forgetting to grab a coffee on the way to work,0
0,There’s a train in my town it always crosses before me and I have to wait sometimes it stops before the train is almost done passing through 😂😭😭,0
0,Driving except to me it’s a major inconvenience,0
0,My left eye while doing my make up,0
0,Not dying in my sleep.,0
0,The military,0
0,When the fast food place forgets my sauce.,0
0,My dad,0
0,my dogs barking when I fall. DONT PMO,0
0,The alarm,0
0,car won't start,0
0,please follow me 😳,0
0,when someone tells me do do something then I don't wanna do it anymore,0
0,when someone parks in your unassigned parking spot at work,0
0,when im too lazy to get up so I just pull whatever item I need but it gets stuck on mf nothing rlly aggravates meh,0
0,Forgetting my uncrustable for my 12hr shift,0
0,“Hey can I ask you a question?” “Hey can you do me a favor?”,0
0,People in the kitchen when I’m there,0
0,When I’m annoyed and somebody is asking me questions,0
0,Stopping to get gas,0
0,Those curbside shoppers when I’m in a hurry or when I’m just there and they are too,0
0,Depression,0
0,My bag falling off my arm when I’m walking across campus to my class,0
0,Tiny inconvenience,0
0,My alarm going off at 5:30am,0
0,Just waking up in general,0
0,People on the road,0
0,People that respond — just move along DAMN,0
0,trackie bottoms riding up your ankle,0
0,The neighbour’s garbage muffler waking you up before your alarm. A migraine. Forgetting to defrost the chicken for dinner.,0
0,Islam,0
0,when i finally lock in and someone’s talking my ear off n touching me or when i’m sitting next to someone and they bounce their foot and i can feel it,0
0,Anyone trying to talk to me inside the first hour after I wake up. Unplanned interactions distract me from my routine and I forget to do things… and I’m a total grump ass when I wake up.,0
0,Having to pee,0
0,"When public isn’t just public, it’s some chick from hs 😭😔",0
0,Y'all got the tolerance of the grinch istg😭,0
0,Frizz,0
0,Bad cyclists,0
0,When a mfn 🐓 🍭 cuts me off,0
0,Getting a tiny static shock,0
0,When men,0
0,When my coffee taste like shit,0
0,Seeing a cyber truck,0
0,laying down and covering up before I put my nose strip on and then having to get up and do it,0
0,Rage. Bait.,0
0,When I’m zoned out and some mf comes up to me and asks “are you ok?” IT ACTUALLY PISSES ME OFF SO BAD,0
0,when i feel like taking a shi but nothing comes out,0
0,Forgetting the yart,0
0,the hot water running out,0
